Date,Zone Name,Population,Zone Area (sq km),Residential houses,Non-Residential houses,Total garbage weight generation (in Mt),No of Containers
0.00,3.00,765135,19.492,205943,70509,135.952,125
0.00,3.00,765135,19.492,205943,70509,135.105,126
0.00,3.00,765135,19.492,205943,70509,135.038,123
0.00,3.00,765135,19.492,205943,70509,129.318,125
0.00,3.00,765135,19.492,205943,70509,127.614,128
0.00,3.00,765135,19.492,205943,70509,125.586,125
0.00,3.00,765135,19.492,205943,70509,124.001,126
0.00,3.00,765135,19.492,205943,70509,122.902,127
0.00,3.00,765135,19.492,205943,70509,118.858,126
0.00,2.00,1205612,37.525,260011,96238,109,135
0.00,1.00,435607,8.18,108381,84299,108.16,104
0.00,2.00,1205612,37.525,260011,96238,108,137
0.00,1.00,435607,8.18,108381,84299,107.1,102
0.00,1.00,435607,8.18,108381,84299,107.1,102
0.00,1.00,435607,8.18,108381,84299,107.1,102
0.00,1.00,435607,8.18,108381,84299,106.05,101
0.00,2.00,1205612,37.525,260011,96238,106,142
0.00,1.00,435607,8.18,108381,84299,105.04,101
0.00,1.00,435607,8.18,108381,84299,105,100
0.00,2.00,1205612,37.525,260011,96238,105,138
0.00,2.00,1205612,37.525,260011,96238,104,123
0.00,1.00,435607,8.18,108381,84299,101.85,97
0.00,1.00,435607,8.18,108381,84299,99.75,95
0.00,2.00,1205612,37.525,260011,96238,99,130
0.00,2.00,1205612,37.525,260011,96238,98,119
0.00,2.00,1205612,37.525,260011,96238,96,124
0.00,2.00,1205612,37.525,260011,96238,96,127
0.00,5.00,722539,61.764,221107,94793,84.66,123
0.00,5.00,722539,61.764,221107,94793,83.52,123
0.00,5.00,722539,61.764,221107,94793,83.52,123
0.00,5.00,722539,61.764,221107,94793,79.79,123
0.00,5.00,722539,61.764,221107,94793,77.63,121
0.00,5.00,722539,61.764,221107,94793,77.63,110
0.00,5.00,722539,61.764,221107,94793,76.59,117
0.00,5.00,722539,61.764,221107,94793,75.55,123
0.00,5.00,722539,61.764,221107,94793,75.28,123
0.00,4.00,728827,36.363,185391,67431,65,114
0.00,4.00,728827,36.363,185391,67431,64,119
0.00,0.00,372097,111.912,120622,49681,62,80
0.00,4.00,728827,36.363,185391,67431,60,114
0.00,4.00,728827,36.363,185391,67431,58,112
0.00,0.00,372097,111.912,120622,49681,57.38,80
0.00,0.00,372097,111.912,120622,49681,56.63,82
0.00,0.00,372097,111.912,120622,49681,54.24,82
0.00,4.00,728827,36.363,185391,67431,53,118
0.00,0.00,372097,111.912,120622,49681,52.13,77
0.00,0.00,372097,111.912,120622,49681,52,81
0.00,0.00,372097,111.912,120622,49681,51.99,72
0.00,4.00,728827,36.363,185391,67431,50,104
0.00,0.00,372097,111.912,120622,49681,46.74,74
0.00,0.00,372097,111.912,120622,49681,45.92,80
0.00,6.00,440892,51.279,146604,38579,45.27,88
0.00,6.00,440892,51.279,146604,38579,45.1,87
0.00,6.00,440892,51.279,146604,38579,44.83,87
0.00,6.00,440892,51.279,146604,38579,44.33,87
0.00,6.00,440892,51.279,146604,38579,44.15,87
0.00,4.00,728827,36.363,185391,67431,44,118
0.00,4.00,728827,36.363,185391,67431,43,120
0.00,4.00,728827,36.363,185391,67431,43,117
0.00,6.00,440892,51.279,146604,38579,42.68,87
0.00,6.00,440892,51.279,146604,38579,42.46,88
0.00,6.00,440892,51.279,146604,38579,41.98,87
0.00,6.00,440892,51.279,146604,38579,41.96,87
1.00,3.00,765135,19.492,205943,70509,135.723,128
1.00,3.00,765135,19.492,205943,70509,131.372,126
1.00,3.00,765135,19.492,205943,70509,130.99,135
1.00,3.00,765135,19.492,205943,70509,130.856,130
1.00,2.00,1205612,37.525,260011,96238,129,142
1.00,3.00,765135,19.492,205943,70509,128.213,128
1.00,2.00,1205612,37.525,260011,96238,128,140
1.00,3.00,765135,19.492,205943,70509,127.321,127
1.00,3.00,765135,19.492,205943,70509,126.646,130
1.00,3.00,765135,19.492,205943,70509,125.694,128
1.00,3.00,765135,19.492,205943,70509,125.414,128
1.00,3.00,765135,19.492,205943,70509,125.398,130
1.00,3.00,765135,19.492,205943,70509,124.875,129
1.00,2.00,1205612,37.525,260011,96238,124,140
1.00,3.00,765135,19.492,205943,70509,123.194,129
1.00,3.00,765135,19.492,205943,70509,121.543,131
1.00,2.00,1205612,37.525,260011,96238,120,138
1.00,3.00,765135,19.492,205943,70509,119.883,127
1.00,2.00,1205612,37.525,260011,96238,119,134
1.00,2.00,1205612,37.525,260011,96238,119,137
1.00,2.00,1205612,37.525,260011,96238,118,131
1.00,1.00,435607,8.18,108381,84299,117.6,112
1.00,2.00,1205612,37.525,260011,96238,117,138
1.00,2.00,1205612,37.525,260011,96238,116,125
1.00,2.00,1205612,37.525,260011,96238,116,127
1.00,2.00,1205612,37.525,260011,96238,115,131
1.00,2.00,1205612,37.525,260011,96238,115,135
1.00,1.00,435607,8.18,108381,84299,111.3,106
1.00,1.00,435607,8.18,108381,84299,111.3,106
1.00,2.00,1205612,37.525,260011,96238,111,130
1.00,2.00,1205612,37.525,260011,96238,111,133
1.00,1.00,435607,8.18,108381,84299,110.25,105
1.00,1.00,435607,8.18,108381,84299,109.2,104
1.00,1.00,435607,8.18,108381,84299,109.2,108
1.00,1.00,435607,8.18,108381,84299,109.2,104
1.00,1.00,435607,8.18,108381,84299,108.15,103
1.00,5.00,722539,61.764,221107,94793,107.6,122
1.00,1.00,435607,8.18,108381,84299,107.1,102
1.00,1.00,435607,8.18,108381,84299,107.1,102
1.00,1.00,435607,8.18,108381,84299,106.05,101
1.00,1.00,435607,8.18,108381,84299,106.05,101
1.00,1.00,435607,8.18,108381,84299,105,103
1.00,2.00,1205612,37.525,260011,96238,105,127
1.00,1.00,435607,8.18,108381,84299,98.7,106
1.00,5.00,722539,61.764,221107,94793,89.23,122
1.00,4.00,728827,36.363,185391,67431,87,108
1.00,4.00,728827,36.363,185391,67431,86,112
1.00,4.00,728827,36.363,185391,67431,85,115
1.00,4.00,728827,36.363,185391,67431,83.9,116
1.00,5.00,722539,61.764,221107,94793,82.79,117
1.00,5.00,722539,61.764,221107,94793,81.41,112
1.00,5.00,722539,61.764,221107,94793,81.39,116
1.00,5.00,722539,61.764,221107,94793,81.31,122
1.00,5.00,722539,61.764,221107,94793,80.25,119
1.00,4.00,728827,36.363,185391,67431,80,115
1.00,5.00,722539,61.764,221107,94793,78.93,123
1.00,5.00,722539,61.764,221107,94793,78.22,122
1.00,4.00,728827,36.363,185391,67431,78,119
1.00,4.00,728827,36.363,185391,67431,78,120
1.00,5.00,722539,61.764,221107,94793,77.91,124
1.00,5.00,722539,61.764,221107,94793,77.73,126
1.00,4.00,728827,36.363,185391,67431,77,116
1.00,5.00,722539,61.764,221107,94793,76.55,122
1.00,5.00,722539,61.764,221107,94793,74.3,118
1.00,4.00,728827,36.363,185391,67431,74,119
1.00,4.00,728827,36.363,185391,67431,72.51,115
1.00,4.00,728827,36.363,185391,67431,72,72
1.00,4.00,728827,36.363,185391,67431,72,109
1.00,4.00,728827,36.363,185391,67431,71,112
1.00,5.00,722539,61.764,221107,94793,68.41,122
1.00,5.00,722539,61.764,221107,94793,67.55,121
1.00,1.00,372097,111.912,120622,49681,66,85
1.00,1.00,372097,111.912,120622,49681,63,82
1.00,1.00,372097,111.912,120622,49681,62,79
1.00,1.00,372097,111.912,120622,49681,59,84
1.00,1.00,372097,111.912,120622,49681,58,83
1.00,4.00,728827,36.363,185391,67431,57.39,119
1.00,1.00,372097,111.912,120622,49681,57,75
1.00,1.00,372097,111.912,120622,49681,56,77
1.00,1.00,372097,111.912,120622,49681,56,78
1.00,4.00,728827,36.363,185391,67431,55,119
1.00,1.00,372097,111.912,120622,49681,54,81
1.00,1.00,372097,111.912,120622,49681,53,81
1.00,1.00,372097,111.912,120622,49681,53,71
1.00,1.00,372097,111.912,120622,49681,52,76
1.00,1.00,372097,111.912,120622,49681,51,77
1.00,1.00,372097,111.912,120622,49681,49,79
1.00,6.00,440892,51.279,146604,38579,48.86,88
1.00,1.00,372097,111.912,120622,49681,47.91,72
1.00,6.00,440892,51.279,146604,38579,46.89,88
1.00,6.00,440892,51.279,146604,38579,45.77,87
1.00,6.00,440892,51.279,146604,38579,45.27,87
1.00,6.00,440892,51.279,146604,38579,44.93,87
1.00,6.00,440892,51.279,146604,38579,44.89,87
1.00,6.00,440892,51.279,146604,38579,44.27,88
1.00,6.00,440892,51.279,146604,38579,43.65,88
1.00,6.00,440892,51.279,146604,38579,43.47,87
1.00,6.00,440892,51.279,146604,38579,42.5,87
1.00,6.00,440892,51.279,146604,38579,42.44,87
1.00,6.00,440892,51.279,146604,38579,42.39,87
1.00,6.00,440892,51.279,146604,38579,42.27,87
1.00,6.00,440892,51.279,146604,38579,41.86,87
1.00,6.00,440892,51.279,146604,38579,40.51,87
2.00,3.00,765480,19.492,205943,70509,169.562,134
2.00,3.00,765480,19.492,205943,70509,145.578,130
2.00,2.00,1207408,37.525,260011,96238,141.7,143
2.00,3.00,765480,19.492,205943,70509,139.786,128
2.00,3.00,765480,19.492,205943,70509,137.989,128
2.00,2.00,1207408,37.525,260011,96238,135.59,141
2.00,3.00,765480,19.492,205943,70509,135.459,127
2.00,3.00,765480,19.492,205943,70509,132.289,130
2.00,2.00,1207408,37.525,260011,96238,131.36,144
2.00,3.00,765480,19.492,205943,70509,130.95,128
2.00,3.00,765480,19.492,205943,70509,130.861,130
2.00,3.00,765480,19.492,205943,70509,130.734,126
2.00,2.00,1207408,37.525,260011,96238,130.12,146
2.00,2.00,1207408,37.525,260011,96238,130,137
2.00,2.00,1207408,37.525,260011,96238,128.02,142
2.00,3.00,765480,19.492,205943,70509,127.367,124
2.00,2.00,1207408,37.525,260011,96238,127.13,139
2.00,3.00,765480,19.492,205943,70509,126.894,125
2.00,2.00,1207408,37.525,260011,96238,126.31,128
2.00,2.00,1207408,37.525,260011,96238,126.27,141
2.00,2.00,1207408,37.525,260011,96238,126.22,132
2.00,3.00,765480,19.492,205943,70509,126.143,129
2.00,3.00,765480,19.492,205943,70509,124.879,130
2.00,2.00,1207408,37.525,260011,96238,123,139
2.00,2.00,1207408,37.525,260011,96238,122,133
2.00,3.00,765480,19.492,205943,70509,121.825,125
2.00,2.00,1207408,37.525,260011,96238,118.66,129
2.00,1.00,436246,8.18,108381,84299,117.6,112
2.00,2.00,1207408,37.525,260011,96238,116,123
2.00,2.00,1207408,37.525,260011,96238,114.9,127
2.00,1.00,436246,8.18,108381,84299,111.3,106
2.00,1.00,436246,8.18,108381,84299,109.2,106
2.00,1.00,436246,8.18,108381,84299,107.1,102
2.00,1.00,436246,8.18,108381,84299,107,107
2.00,1.00,436246,8.18,108381,84299,107,107
2.00,1.00,436246,8.18,108381,84299,105,105
2.00,1.00,436246,8.18,108381,84299,105,105
2.00,4.00,729425,36.363,185391,67431,103.15,120
2.00,1.00,436246,8.18,108381,84299,103,103
2.00,1.00,436246,8.18,108381,84299,103,103
2.00,1.00,436246,8.18,108381,84299,102,102
2.00,1.00,436246,8.18,108381,84299,102,102
2.00,1.00,436246,8.18,108381,84299,101,101
2.00,1.00,436246,8.18,108381,84299,100,100
2.00,1.00,436246,8.18,108381,84299,99,99
2.00,4.00,729425,36.363,185391,67431,89.09,117
2.00,4.00,729425,36.363,185391,67431,87.87,113
2.00,5.00,723248,61.764,221107,94793,85.72,118
2.00,4.00,729425,36.363,185391,67431,85.64,108
2.00,5.00,723248,61.764,221107,94793,85.37,122
2.00,4.00,729425,36.363,185391,67431,85.18,109
2.00,4.00,729425,36.363,185391,67431,84,114
2.00,4.00,729425,36.363,185391,67431,83.92,101
2.00,5.00,723248,61.764,221107,94793,83.52,123
2.00,5.00,723248,61.764,221107,94793,82.92,120
2.00,4.00,729425,36.363,185391,67431,82.47,96
2.00,4.00,729425,36.363,185391,67431,82,111
2.00,4.00,729425,36.363,185391,67431,81,113
2.00,4.00,729425,36.363,185391,67431,81,103
2.00,5.00,723248,61.764,221107,94793,80.93,119
2.00,5.00,723248,61.764,221107,94793,78.83,120
2.00,5.00,723248,61.764,221107,94793,78.12,120
2.00,4.00,729425,36.363,185391,67431,77.58,98
2.00,5.00,723248,61.764,221107,94793,77.14,122
2.00,5.00,723248,61.764,221107,94793,77.12,123
2.00,5.00,723248,61.764,221107,94793,75.98,124
2.00,5.00,723248,61.764,221107,94793,75.89,120
2.00,5.00,723248,61.764,221107,94793,71.19,125
2.00,2.00,372787,111.912,120622,49681,70,78
2.00,5.00,723248,61.764,221107,94793,68.99,118
2.00,2.00,372787,111.912,120622,49681,66,82
2.00,2.00,372787,111.912,120622,49681,65,81
2.00,2.00,372787,111.912,120622,49681,65,84
2.00,5.00,723248,61.764,221107,94793,63.66,124
2.00,5.00,723248,61.764,221107,94793,63.14,121
2.00,2.00,372787,111.912,120622,49681,63,84
2.00,2.00,372787,111.912,120622,49681,62,88
2.00,2.00,372787,111.912,120622,49681,60,76
2.00,2.00,372787,111.912,120622,49681,60,76
2.00,2.00,372787,111.912,120622,49681,58,83
2.00,2.00,372787,111.912,120622,49681,58,78
2.00,2.00,372787,111.912,120622,49681,57,78
2.00,2.00,372787,111.912,120622,49681,56,76
2.00,2.00,372787,111.912,120622,49681,56,77
2.00,2.00,372787,111.912,120622,49681,55,80
2.00,2.00,372787,111.912,120622,49681,52,72
2.00,6.00,441216,51.279,146604,38579,47.7,88
2.00,6.00,441216,51.279,146604,38579,47.35,87
2.00,6.00,441216,51.279,146604,38579,47,87
2.00,6.00,441216,51.279,146604,38579,46.05,87
2.00,6.00,441216,51.279,146604,38579,45.08,88
2.00,6.00,441216,51.279,146604,38579,44.82,87
2.00,6.00,441216,51.279,146604,38579,44.76,87
2.00,6.00,441216,51.279,146604,38579,44.68,87
2.00,6.00,441216,51.279,146604,38579,44.12,87
2.00,6.00,441216,51.279,146604,38579,43.79,88
2.00,6.00,441216,51.279,146604,38579,43.77,88
2.00,6.00,441216,51.279,146604,38579,43.41,87
2.00,6.00,441216,51.279,146604,38579,43.15,87
2.00,6.00,441216,51.279,146604,38579,43.11,87
2.00,6.00,441216,51.279,146604,38579,39.76,87
3.00,2.00,1207408,37.525,260011,96238,143.24,154
3.00,3.00,765480,19.492,205943,70509,143.157,129
3.00,2.00,1207408,37.525,260011,96238,142.13,147
3.00,3.00,765480,19.492,205943,70509,142.038,126
3.00,3.00,765480,19.492,205943,70509,140.874,131
3.00,2.00,1207408,37.525,260011,96238,139.75,151
3.00,2.00,1207408,37.525,260011,96238,138.93,147
3.00,3.00,765480,19.492,205943,70509,138.05,129
3.00,3.00,765480,19.492,205943,70509,138.013,126
3.00,3.00,765480,19.492,205943,70509,136.165,126
3.00,3.00,765480,19.492,205943,70509,135.895,130
3.00,3.00,765480,19.492,205943,70509,135.717,126
3.00,3.00,765480,19.492,205943,70509,135.696,128
3.00,2.00,1207408,37.525,260011,96238,135.25,144
3.00,2.00,1207408,37.525,260011,96238,135.18,149
3.00,3.00,765480,19.492,205943,70509,134.61,127
3.00,2.00,1207408,37.525,260011,96238,133.07,150
3.00,3.00,765480,19.492,205943,70509,132.382,123
3.00,2.00,1207408,37.525,260011,96238,131.7,149
3.00,3.00,765480,19.492,205943,70509,131.635,130
3.00,2.00,1207408,37.525,260011,96238,131.54,148
3.00,3.00,765480,19.492,205943,70509,131.28,127
3.00,3.00,765480,19.492,205943,70509,128.305,125
3.00,2.00,1207408,37.525,260011,96238,127.71,151
3.00,2.00,1207408,37.525,260011,96238,127.22,141
3.00,3.00,765480,19.492,205943,70509,126.677,126
3.00,3.00,765480,19.492,205943,70509,126.485,125
3.00,2.00,1207408,37.525,260011,96238,126.27,146
3.00,2.00,1207408,37.525,260011,96238,126.13,141
3.00,2.00,1207408,37.525,260011,96238,121.36,146
3.00,2.00,1207408,37.525,260011,96238,120.79,147
3.00,2.00,1207408,37.525,260011,96238,112.52,142
3.00,1.00,436246,8.18,108381,84299,108,108
3.00,5.00,723248,61.764,221107,94793,107.6,122
3.00,1.00,436246,8.18,108381,84299,107,107
3.00,1.00,436246,8.18,108381,84299,107,107
3.00,1.00,436246,8.18,108381,84299,106,106
3.00,1.00,436246,8.18,108381,84299,105,105
3.00,1.00,436246,8.18,108381,84299,105,105
3.00,1.00,436246,8.18,108381,84299,105,105
3.00,1.00,436246,8.18,108381,84299,101,101
3.00,4.00,729425,36.363,185391,67431,97.26,106
3.00,4.00,729425,36.363,185391,67431,93.39,108
3.00,1.00,436246,8.18,108381,84299,92,92
3.00,1.00,436246,8.18,108381,84299,92,92
3.00,4.00,729425,36.363,185391,67431,89.63,105
3.00,4.00,729425,36.363,185391,67431,89.09,117
3.00,5.00,723248,61.764,221107,94793,88.1,117
3.00,1.00,436246,8.18,108381,84299,86.4,108
3.00,4.00,729425,36.363,185391,67431,86.21,111
3.00,4.00,729425,36.363,185391,67431,85.61,108
3.00,1.00,436246,8.18,108381,84299,84.8,106
3.00,4.00,729425,36.363,185391,67431,84.65,112
3.00,4.00,729425,36.363,185391,67431,84.48,111
3.00,1.00,436246,8.18,108381,84299,84,105
3.00,1.00,436246,8.18,108381,84299,84,105
3.00,1.00,436246,8.18,108381,84299,84,105
3.00,1.00,436246,8.18,108381,84299,84,105
3.00,5.00,723248,61.764,221107,94793,83.14,120
3.00,5.00,723248,61.764,221107,94793,82.8,118
3.00,4.00,729425,36.363,185391,67431,82.16,110
3.00,5.00,723248,61.764,221107,94793,81.39,116
3.00,5.00,723248,61.764,221107,94793,80.87,116
3.00,5.00,723248,61.764,221107,94793,78.59,117
3.00,5.00,723248,61.764,221107,94793,78.58,118
3.00,5.00,723248,61.764,221107,94793,78.32,114
3.00,5.00,723248,61.764,221107,94793,77.73,126
3.00,4.00,729425,36.363,185391,67431,76.91,108
3.00,5.00,723248,61.764,221107,94793,76.09,116
3.00,5.00,723248,61.764,221107,94793,74.84,123
3.00,5.00,723248,61.764,221107,94793,74.46,116
3.00,5.00,723248,61.764,221107,94793,73.58,116
3.00,5.00,723248,61.764,221107,94793,73.12,121
3.00,5.00,723248,61.764,221107,94793,72.62,119
3.00,4.00,729425,36.363,185391,67431,72.43,107
3.00,3.00,372787,111.912,120622,49681,72,83
3.00,4.00,729425,36.363,185391,67431,71.64,109
3.00,4.00,729425,36.363,185391,67431,67.93,107
3.00,4.00,729425,36.363,185391,67431,67.52,102
3.00,4.00,729425,36.363,185391,67431,65.46,109
3.00,3.00,372787,111.912,120622,49681,64,82
3.00,4.00,729425,36.363,185391,67431,63.43,116
3.00,3.00,372787,111.912,120622,49681,62,78
3.00,3.00,372787,111.912,120622,49681,61,79
3.00,3.00,372787,111.912,120622,49681,61,77
3.00,3.00,372787,111.912,120622,49681,61,77
3.00,3.00,372787,111.912,120622,49681,59,80
3.00,3.00,372787,111.912,120622,49681,59,74
3.00,3.00,372787,111.912,120622,49681,58,76
3.00,3.00,372787,111.912,120622,49681,58,77
3.00,3.00,372787,111.912,120622,49681,57,79
3.00,3.00,372787,111.912,120622,49681,56,79
3.00,3.00,372787,111.912,120622,49681,56,72
3.00,3.00,372787,111.912,120622,49681,54,73
3.00,3.00,372787,111.912,120622,49681,53,74
3.00,3.00,372787,111.912,120622,49681,51,71
3.00,6.00,441216,51.279,146604,38579,47.68,87
3.00,6.00,441216,51.279,146604,38579,47.29,88
3.00,6.00,441216,51.279,146604,38579,46.94,87
3.00,6.00,441216,51.279,146604,38579,46.79,87
3.00,6.00,441216,51.279,146604,38579,45.71,88
3.00,6.00,441216,51.279,146604,38579,45.32,87
3.00,6.00,441216,51.279,146604,38579,45.3,87
3.00,6.00,441216,51.279,146604,38579,44.84,87
3.00,6.00,441216,51.279,146604,38579,44.79,87
3.00,6.00,441216,51.279,146604,38579,44.75,87
3.00,6.00,441216,51.279,146604,38579,44.63,88
3.00,6.00,441216,51.279,146604,38579,44.49,87
3.00,6.00,441216,51.279,146604,38579,43.02,87
3.00,6.00,441216,51.279,146604,38579,42.79,88
3.00,6.00,441216,51.279,146604,38579,41.84,88
3.00,6.00,441216,51.279,146604,38579,41,87
4.00,3.00,765849,19.492,205943,70509,152.155,131
4.00,3.00,765849,19.492,205943,70509,146.204,129
4.00,2.00,1208836,37.525,260011,96238,145.78,157
4.00,3.00,765849,19.492,205943,70509,142.966,128
4.00,3.00,765849,19.492,205943,70509,141.45,128
4.00,3.00,765849,19.492,205943,70509,141.332,131
4.00,3.00,765849,19.492,205943,70509,141.155,130
4.00,3.00,765849,19.492,205943,70509,140.235,132
4.00,3.00,765849,19.492,205943,70509,139.969,128
4.00,2.00,1208836,37.525,260011,96238,139.15,146
4.00,2.00,1208836,37.525,260011,96238,136.91,142
4.00,2.00,1208836,37.525,260011,96238,136.72,147
4.00,2.00,1208836,37.525,260011,96238,136.28,155
4.00,3.00,765849,19.492,205943,70509,135.201,130
4.00,2.00,1208836,37.525,260011,96238,135.03,150
4.00,3.00,765849,19.492,205943,70509,134.61,127
4.00,2.00,1208836,37.525,260011,96238,132.9,144
4.00,3.00,765849,19.492,205943,70509,132.765,130
4.00,2.00,1208836,37.525,260011,96238,132.29,141
4.00,3.00,765849,19.492,205943,70509,131.053,132
4.00,2.00,1208836,37.525,260011,96238,130.1,145
4.00,3.00,765849,19.492,205943,70509,129.39,129
4.00,2.00,1208836,37.525,260011,96238,126.42,145
4.00,2.00,1208836,37.525,260011,96238,126.27,140
4.00,2.00,1208836,37.525,260011,96238,126.22,142
4.00,2.00,1208836,37.525,260011,96238,124.86,126
4.00,3.00,765849,19.492,205943,70509,120.895,127
4.00,2.00,1208836,37.525,260011,96238,119.95,142
4.00,3.00,765849,19.492,205943,70509,119.486,125
4.00,2.00,1208836,37.525,260011,96238,116.93,136
4.00,2.00,1208836,37.525,260011,96238,105.46,117
4.00,4.00,729959,36.363,185391,67431,97,116
4.00,5.00,723811,61.764,221107,94793,96.61,116
4.00,4.00,729959,36.363,185391,67431,94.07,115
4.00,1.00,436629,8.18,108381,84299,93.6,117
4.00,5.00,723811,61.764,221107,94793,93.09,122
4.00,1.00,436629,8.18,108381,84299,90.4,113
4.00,4.00,729959,36.363,185391,67431,90.3,108
4.00,4.00,729959,36.363,185391,67431,90,113
4.00,4.00,729959,36.363,185391,67431,88.82,107
4.00,1.00,436629,8.18,108381,84299,88.8,111
4.00,1.00,436629,8.18,108381,84299,88.8,111
4.00,1.00,436629,8.18,108381,84299,88,110
4.00,5.00,723811,61.764,221107,94793,87.49,119
4.00,1.00,436629,8.18,108381,84299,87.2,109
4.00,1.00,436629,8.18,108381,84299,86.4,108
4.00,1.00,436629,8.18,108381,84299,86.4,108
4.00,1.00,436629,8.18,108381,84299,86.4,108
4.00,4.00,729959,36.363,185391,67431,86,109
4.00,1.00,436629,8.18,108381,84299,85.6,107
4.00,1.00,436629,8.18,108381,84299,85.6,107
4.00,1.00,436629,8.18,108381,84299,84.8,106
4.00,1.00,436629,8.18,108381,84299,84.8,106
4.00,4.00,729959,36.363,185391,67431,84.69,111
4.00,1.00,436629,8.18,108381,84299,84,105
4.00,1.00,436629,8.18,108381,84299,84,105
4.00,4.00,729959,36.363,185391,67431,83.03,110
4.00,5.00,723811,61.764,221107,94793,82.45,119
4.00,5.00,723811,61.764,221107,94793,82.39,121
4.00,5.00,723811,61.764,221107,94793,81.23,116
4.00,5.00,723811,61.764,221107,94793,80.01,116
4.00,4.00,729959,36.363,185391,67431,80,103
4.00,5.00,723811,61.764,221107,94793,79.14,116
4.00,5.00,723811,61.764,221107,94793,78.8,116
4.00,5.00,723811,61.764,221107,94793,77.67,119
4.00,5.00,723811,61.764,221107,94793,77.52,115
4.00,5.00,723811,61.764,221107,94793,76.68,119
4.00,5.00,723811,61.764,221107,94793,76.56,113
4.00,5.00,723811,61.764,221107,94793,75.05,118
4.00,4.00,729959,36.363,185391,67431,72.89,109
4.00,4.00,729959,36.363,185391,67431,71.95,108
4.00,4.00,373519,111.912,120622,49681,71,83
4.00,4.00,729959,36.363,185391,67431,70.59,109
4.00,4.00,729959,36.363,185391,67431,68.49,106
4.00,4.00,729959,36.363,185391,67431,68.43,106
4.00,4.00,373519,111.912,120622,49681,66,81
4.00,4.00,373519,111.912,120622,49681,65,77
4.00,4.00,729959,36.363,185391,67431,65,109
4.00,4.00,373519,111.912,120622,49681,64,76
4.00,4.00,373519,111.912,120622,49681,62,81
4.00,4.00,373519,111.912,120622,49681,62,82
4.00,4.00,373519,111.912,120622,49681,62,81
4.00,4.00,373519,111.912,120622,49681,59,80
4.00,4.00,373519,111.912,120622,49681,59,80
4.00,4.00,373519,111.912,120622,49681,59,74
4.00,4.00,373519,111.912,120622,49681,56,80
4.00,4.00,373519,111.912,120622,49681,56,79
4.00,4.00,373519,111.912,120622,49681,55,81
4.00,4.00,373519,111.912,120622,49681,53,77
4.00,4.00,373519,111.912,120622,49681,53,70
4.00,5.00,723811,61.764,221107,94793,53,112
4.00,6.00,441531,51.279,146604,38579,49.34,87
4.00,6.00,441531,51.279,146604,38579,49.26,87
4.00,6.00,441531,51.279,146604,38579,48.97,87
4.00,6.00,441531,51.279,146604,38579,47.54,87
4.00,6.00,441531,51.279,146604,38579,47.5,87
4.00,6.00,441531,51.279,146604,38579,45.95,87
4.00,6.00,441531,51.279,146604,38579,45.88,89
4.00,6.00,441531,51.279,146604,38579,45.81,88
4.00,6.00,441531,51.279,146604,38579,45.48,88
4.00,6.00,441531,51.279,146604,38579,44.69,88
4.00,6.00,441531,51.279,146604,38579,44.32,87
4.00,6.00,441531,51.279,146604,38579,44.14,88
4.00,6.00,441531,51.279,146604,38579,43.8,87
4.00,6.00,441531,51.279,146604,38579,43.49,87
4.00,6.00,441531,51.279,146604,38579,43.32,87
5.00,3.00,765849,19.492,205943,70509,159.471,133
5.00,3.00,765849,19.492,205943,70509,159.027,132
5.00,2.00,1208836,37.525,260011,96238,157.92,169
5.00,3.00,765849,19.492,205943,70509,156.346,125
5.00,3.00,765849,19.492,205943,70509,155.717,130
5.00,2.00,1208836,37.525,260011,96238,153.32,154
5.00,2.00,1208836,37.525,260011,96238,152.08,158
5.00,2.00,1208836,37.525,260011,96238,151.84,149
5.00,3.00,765849,19.492,205943,70509,150.442,135
5.00,2.00,1208836,37.525,260011,96238,149.45,160
5.00,3.00,765849,19.492,205943,70509,148.919,132
5.00,3.00,765849,19.492,205943,70509,148.437,133
5.00,2.00,1208836,37.525,260011,96238,147.13,165
5.00,3.00,765849,19.492,205943,70509,145.192,130
5.00,2.00,1208836,37.525,260011,96238,144.22,151
5.00,2.00,1208836,37.525,260011,96238,142.7,148
5.00,2.00,1208836,37.525,260011,96238,142.52,146
5.00,3.00,765849,19.492,205943,70509,140.221,130
5.00,2.00,1208836,37.525,260011,96238,138.72,136
5.00,2.00,1208836,37.525,260011,96238,138.13,141
5.00,3.00,765849,19.492,205943,70509,136.814,128
5.00,2.00,1208836,37.525,260011,96238,135.76,135
5.00,3.00,765849,19.492,205943,70509,135.711,129
5.00,2.00,1208836,37.525,260011,96238,135.18,143
5.00,3.00,765849,19.492,205943,70509,134.095,126
5.00,3.00,765849,19.492,205943,70509,133.964,129
5.00,2.00,1208836,37.525,260011,96238,133.61,142
5.00,2.00,1208836,37.525,260011,96238,133.33,130
5.00,2.00,1208836,37.525,260011,96238,131.66,137
5.00,3.00,765849,19.492,205943,70509,128.156,126
5.00,3.00,765849,19.492,205943,70509,124.558,128
5.00,3.00,765849,19.492,205943,70509,122.788,127
5.00,5.00,723811,61.764,221107,94793,112.29,144
5.00,4.00,729959,36.363,185391,67431,106.71,115
5.00,4.00,729959,36.363,185391,67431,104.11,114
5.00,4.00,729959,36.363,185391,67431,102.88,120
5.00,5.00,723811,61.764,221107,94793,102.35,141
5.00,4.00,729959,36.363,185391,67431,101.65,121
5.00,5.00,723811,61.764,221107,94793,98.18,122
5.00,4.00,729959,36.363,185391,67431,97.47,114
5.00,4.00,729959,36.363,185391,67431,96.16,117
5.00,4.00,729959,36.363,185391,67431,94.83,119
5.00,1.00,436629,8.18,108381,84299,92.8,116
5.00,5.00,723811,61.764,221107,94793,92.32,119
5.00,1.00,436629,8.18,108381,84299,90.4,113
5.00,1.00,436629,8.18,108381,84299,90.4,113
5.00,1.00,436629,8.18,108381,84299,89.6,112
5.00,4.00,729959,36.363,185391,67431,89.13,120
5.00,4.00,729959,36.363,185391,67431,88.95,120
5.00,1.00,436629,8.18,108381,84299,88.8,111
5.00,1.00,436629,8.18,108381,84299,88.8,111
5.00,1.00,436629,8.18,108381,84299,88.8,111
5.00,4.00,729959,36.363,185391,67431,88.78,135
5.00,5.00,723811,61.764,221107,94793,88.78,177
5.00,4.00,729959,36.363,185391,67431,88.63,109
5.00,4.00,729959,36.363,185391,67431,88.14,113
5.00,1.00,436629,8.18,108381,84299,88,110
5.00,5.00,723811,61.764,221107,94793,87.64,124
5.00,1.00,436629,8.18,108381,84299,87.2,109
5.00,5.00,723811,61.764,221107,94793,86.64,118
5.00,5.00,723811,61.764,221107,94793,86.41,122
5.00,1.00,436629,8.18,108381,84299,86.4,108
5.00,5.00,723811,61.764,221107,94793,86.27,121
5.00,4.00,729959,36.363,185391,67431,86.1,112
5.00,1.00,436629,8.18,108381,84299,85.6,107
5.00,1.00,436629,8.18,108381,84299,85.6,107
5.00,1.00,436629,8.18,108381,84299,85.6,107
5.00,4.00,729959,36.363,185391,67431,85.42,116
5.00,1.00,436629,8.18,108381,84299,84.8,106
5.00,1.00,436629,8.18,108381,84299,84.8,106
5.00,1.00,436629,8.18,108381,84299,84.8,106
5.00,4.00,729959,36.363,185391,67431,83,120
5.00,4.00,729959,36.363,185391,67431,82.69,117
5.00,5.00,723811,61.764,221107,94793,79.81,120
5.00,5.00,723811,61.764,221107,94793,79.43,116
5.00,5.00,723811,61.764,221107,94793,78.71,116
5.00,5.00,723811,61.764,221107,94793,74.65,118
5.00,5.00,723811,61.764,221107,94793,74.3,129
5.00,5.00,723811,61.764,221107,94793,74.18,116
5.00,5.00,373519,111.912,120622,49681,74,81
5.00,5.00,373519,111.912,120622,49681,73,79
5.00,5.00,373519,111.912,120622,49681,73,79
5.00,5.00,373519,111.912,120622,49681,71,85
5.00,5.00,373519,111.912,120622,49681,71,91
5.00,5.00,373519,111.912,120622,49681,68,84
5.00,5.00,373519,111.912,120622,49681,68,79
5.00,5.00,373519,111.912,120622,49681,67,81
5.00,5.00,373519,111.912,120622,49681,67,88
5.00,5.00,373519,111.912,120622,49681,67,88
5.00,5.00,373519,111.912,120622,49681,63,82
5.00,5.00,373519,111.912,120622,49681,62,84
5.00,5.00,373519,111.912,120622,49681,60,79
5.00,5.00,373519,111.912,120622,49681,59,77
5.00,5.00,373519,111.912,120622,49681,57,83
5.00,6.00,441531,51.279,146604,38579,49.1,88
5.00,6.00,441531,51.279,146604,38579,48.54,87
5.00,6.00,441531,51.279,146604,38579,48.52,87
5.00,6.00,441531,51.279,146604,38579,48.41,88
5.00,6.00,441531,51.279,146604,38579,47.95,89
5.00,6.00,441531,51.279,146604,38579,47.88,87
5.00,6.00,441531,51.279,146604,38579,47.68,87
5.00,6.00,441531,51.279,146604,38579,46.72,87
5.00,6.00,441531,51.279,146604,38579,46.38,87
5.00,6.00,441531,51.279,146604,38579,45.99,87
5.00,6.00,441531,51.279,146604,38579,45.9,88
5.00,6.00,441531,51.279,146604,38579,44.63,87
5.00,5.00,723811,61.764,221107,94793,44.28,120
5.00,6.00,441531,51.279,146604,38579,44.1,88
5.00,6.00,441531,51.279,146604,38579,43.7,87
5.00,6.00,441531,51.279,146604,38579,43.25,88
5.00,5.00,373519,111.912,120622,49681,42,70
5.00,6.00,441531,51.279,146604,38579,40.53,87
6.00,3.00,766058,19.492,205943,70509,189.19,149
6.00,3.00,766058,19.492,205943,70509,187.383,156
6.00,3.00,766058,19.492,205943,70509,167.364,153
6.00,2.00,1210009,37.525,260011,96238,159.39,168
6.00,2.00,1210009,37.525,260011,96238,153.45,159
6.00,2.00,1210009,37.525,260011,96238,152.79,159
6.00,2.00,1210009,37.525,260011,96238,152,166
6.00,3.00,766058,19.492,205943,70509,149.746,133
6.00,2.00,1210009,37.525,260011,96238,148.89,163
6.00,2.00,1210009,37.525,260011,96238,145.78,157
6.00,2.00,1210009,37.525,260011,96238,145.05,165
6.00,3.00,766058,19.492,205943,70509,144.771,129
6.00,2.00,1210009,37.525,260011,96238,141.84,152
6.00,2.00,1210009,37.525,260011,96238,141.78,167
6.00,2.00,1210009,37.525,260011,96238,139.48,160
6.00,2.00,1210009,37.525,260011,96238,138.72,153
6.00,3.00,766058,19.492,205943,70509,138.393,130
6.00,2.00,1210009,37.525,260011,96238,137.34,164
6.00,2.00,1210009,37.525,260011,96238,137.33,152
6.00,2.00,1210009,37.525,260011,96238,135.56,152
6.00,3.00,766058,19.492,205943,70509,133.657,127
6.00,5.00,724304,61.764,221107,94793,133.28,120
6.00,2.00,1210009,37.525,260011,96238,128.11,148
6.00,3.00,766058,19.492,205943,70509,125.373,130
6.00,5.00,724304,61.764,221107,94793,122.08,117
6.00,4.00,730376,36.363,185391,67431,94.78,116
6.00,4.00,730376,36.363,185391,67431,93.73,112
6.00,5.00,724304,61.764,221107,94793,93.2,121
6.00,5.00,724304,61.764,221107,94793,93.2,123
6.00,4.00,730376,36.363,185391,67431,91.88,113
6.00,5.00,724304,61.764,221107,94793,90.62,120
6.00,4.00,730376,36.363,185391,67431,90.25,118
6.00,1.00,436963,8.18,108381,84299,88,110
6.00,1.00,436963,8.18,108381,84299,87.2,109
6.00,1.00,436963,8.18,108381,84299,87.2,109
6.00,1.00,436963,8.18,108381,84299,87.2,109
6.00,4.00,730376,36.363,185391,67431,86.64,114
6.00,5.00,724304,61.764,221107,94793,86.44,121
6.00,1.00,436963,8.18,108381,84299,86.4,108
6.00,1.00,436963,8.18,108381,84299,86.4,108
6.00,1.00,436963,8.18,108381,84299,86.4,108
6.00,1.00,436963,8.18,108381,84299,86.4,108
6.00,1.00,436963,8.18,108381,84299,86.4,108
6.00,1.00,436963,8.18,108381,84299,86.4,108
6.00,1.00,436963,8.18,108381,84299,86.4,108
6.00,4.00,730376,36.363,185391,67431,86.33,114
6.00,5.00,724304,61.764,221107,94793,85.9,122
6.00,1.00,436963,8.18,108381,84299,85.6,107
6.00,1.00,436963,8.18,108381,84299,85.6,107
6.00,1.00,436963,8.18,108381,84299,84.8,106
6.00,1.00,436963,8.18,108381,84299,84.8,106
6.00,4.00,730376,36.363,185391,67431,84.13,111
6.00,5.00,724304,61.764,221107,94793,84,123
6.00,4.00,730376,36.363,185391,67431,83.95,111
6.00,4.00,730376,36.363,185391,67431,82.45,114
6.00,4.00,730376,36.363,185391,67431,82.3,106
6.00,5.00,724304,61.764,221107,94793,82,119
6.00,4.00,730376,36.363,185391,67431,80.53,114
6.00,5.00,724304,61.764,221107,94793,80.28,126
6.00,4.00,730376,36.363,185391,67431,80.22,110
6.00,4.00,730376,36.363,185391,67431,79.39,115
6.00,6.00,373800,111.912,120622,49681,78,91
6.00,4.00,730376,36.363,185391,67431,77.8,114
6.00,4.00,730376,36.363,185391,67431,76.75,118
6.00,5.00,724304,61.764,221107,94793,75,120
6.00,5.00,724304,61.764,221107,94793,74.32,110
6.00,6.00,373800,111.912,120622,49681,73,84
6.00,5.00,724304,61.764,221107,94793,72.08,117
6.00,6.00,373800,111.912,120622,49681,71,86
6.00,6.00,373800,111.912,120622,49681,71,85
6.00,6.00,373800,111.912,120622,49681,68,85
6.00,6.00,373800,111.912,120622,49681,65,80
6.00,6.00,373800,111.912,120622,49681,65,83
6.00,5.00,724304,61.764,221107,94793,64.15,122
6.00,6.00,373800,111.912,120622,49681,64,88
6.00,6.00,373800,111.912,120622,49681,63,82
6.00,6.00,373800,111.912,120622,49681,60,72
6.00,6.00,373800,111.912,120622,49681,60,83
6.00,6.00,373800,111.912,120622,49681,60,79
6.00,6.00,373800,111.912,120622,49681,58,79
6.00,6.00,373800,111.912,120622,49681,57,78
6.00,6.00,373800,111.912,120622,49681,56,86
6.00,5.00,724304,61.764,221107,94793,50.43,115
6.00,6.00,441726,51.279,146604,38579,47.22,87
6.00,6.00,441726,51.279,146604,38579,47.04,91
6.00,6.00,441726,51.279,146604,38579,46.97,87
6.00,6.00,441726,51.279,146604,38579,46.78,87
6.00,6.00,441726,51.279,146604,38579,45.46,90
6.00,6.00,441726,51.279,146604,38579,45.36,87
6.00,6.00,441726,51.279,146604,38579,45.36,87
6.00,6.00,441726,51.279,146604,38579,45.22,88
6.00,6.00,441726,51.279,146604,38579,44.96,87
6.00,6.00,441726,51.279,146604,38579,44.76,87
6.00,6.00,441726,51.279,146604,38579,43.87,87
6.00,6.00,441726,51.279,146604,38579,43.73,88
6.00,6.00,441726,51.279,146604,38579,43.67,89
6.00,6.00,441726,51.279,146604,38579,43.66,91
6.00,6.00,441726,51.279,146604,38579,43.53,87
7.00,2.00,1210009,37.525,260011,96238,249.34,167
7.00,3.00,766058,19.492,205943,70509,214.447,165
7.00,3.00,766058,19.492,205943,70509,197.256,164
7.00,3.00,766058,19.492,205943,70509,171.509,156
7.00,2.00,1210009,37.525,260011,96238,169.57,167
7.00,2.00,1210009,37.525,260011,96238,156.44,168
7.00,2.00,1210009,37.525,260011,96238,152.29,161
7.00,3.00,766058,19.492,205943,70509,152.03,130
7.00,3.00,766058,19.492,205943,70509,149.824,144
7.00,2.00,1210009,37.525,260011,96238,149.77,166
7.00,3.00,766058,19.492,205943,70509,147.793,130
7.00,2.00,1210009,37.525,260011,96238,147.28,177
7.00,3.00,766058,19.492,205943,70509,147.212,133
7.00,2.00,1210009,37.525,260011,96238,144.53,163
7.00,2.00,1210009,37.525,260011,96238,143.79,170
7.00,2.00,1210009,37.525,260011,96238,143.79,170
7.00,3.00,766058,19.492,205943,70509,141.642,126
7.00,2.00,1210009,37.525,260011,96238,141.29,159
7.00,3.00,766058,19.492,205943,70509,139.556,128
7.00,3.00,766058,19.492,205943,70509,138.769,128
7.00,3.00,766058,19.492,205943,70509,138.301,130
7.00,2.00,1210009,37.525,260011,96238,137.49,158
7.00,5.00,724304,61.764,221107,94793,110,124
7.00,4.00,730376,36.363,185391,67431,101.12,110
7.00,5.00,724304,61.764,221107,94793,99,123
7.00,1.00,436963,8.18,108381,84299,97.6,122
7.00,4.00,730376,36.363,185391,67431,96.63,114
7.00,4.00,730376,36.363,185391,67431,95.61,117
7.00,1.00,436963,8.18,108381,84299,95.2,119
7.00,5.00,724304,61.764,221107,94793,95.12,122
7.00,5.00,724304,61.764,221107,94793,95,128
7.00,1.00,436963,8.18,108381,84299,94.4,118
7.00,4.00,730376,36.363,185391,67431,94.18,112
7.00,4.00,730376,36.363,185391,67431,91.39,115
7.00,1.00,436963,8.18,108381,84299,89.6,112
7.00,4.00,730376,36.363,185391,67431,88.81,110
7.00,4.00,730376,36.363,185391,67431,88.69,112
7.00,5.00,724304,61.764,221107,94793,88.18,122
7.00,1.00,436963,8.18,108381,84299,87.2,109
7.00,1.00,436963,8.18,108381,84299,87.2,109
7.00,1.00,436963,8.18,108381,84299,86.4,108
7.00,1.00,436963,8.18,108381,84299,86.4,108
7.00,1.00,436963,8.18,108381,84299,86.4,106
7.00,1.00,436963,8.18,108381,84299,86.4,108
7.00,4.00,730376,36.363,185391,67431,85.57,104
7.00,5.00,724304,61.764,221107,94793,85.27,120
7.00,5.00,724304,61.764,221107,94793,85,122
7.00,1.00,436963,8.18,108381,84299,84.8,106
7.00,5.00,724304,61.764,221107,94793,84.49,123
7.00,5.00,724304,61.764,221107,94793,84.04,124
7.00,5.00,724304,61.764,221107,94793,84,117
7.00,5.00,724304,61.764,221107,94793,83,123
7.00,4.00,730376,36.363,185391,67431,82.55,114
7.00,4.00,730376,36.363,185391,67431,78.11,105
7.00,7.00,373800,111.912,120622,49681,78,85
7.00,4.00,730376,36.363,185391,67431,76.73,112
7.00,7.00,373800,111.912,120622,49681,72,89
7.00,7.00,373800,111.912,120622,49681,71,84
7.00,7.00,373800,111.912,120622,49681,71,90
7.00,7.00,373800,111.912,120622,49681,70,88
7.00,7.00,373800,111.912,120622,49681,66,86
7.00,7.00,373800,111.912,120622,49681,64,90
7.00,7.00,373800,111.912,120622,49681,61,83
7.00,7.00,373800,111.912,120622,49681,61,84
7.00,7.00,373800,111.912,120622,49681,57,82
7.00,6.00,441726,51.279,146604,38579,47.6,88
7.00,6.00,441726,51.279,146604,38579,47.52,87
7.00,6.00,441726,51.279,146604,38579,47.17,90
7.00,6.00,441726,51.279,146604,38579,46.82,87
7.00,6.00,441726,51.279,146604,38579,46.73,87
7.00,6.00,441726,51.279,146604,38579,46.34,88
7.00,6.00,441726,51.279,146604,38579,46.3,87
7.00,6.00,441726,51.279,146604,38579,45.5,87
7.00,6.00,441726,51.279,146604,38579,45.14,87
7.00,7.00,373800,111.912,120622,49681,45,82
7.00,6.00,441726,51.279,146604,38579,44.62,87
7.00,6.00,441726,51.279,146604,38579,44.29,87
